Heptano,
% T,NÃºmero de ondas
"4,000.00",100.215621
"3,999.00",100.179966
"3,998.00",100.090273
"3,997.00",99.983289
"3,996.00",99.899086
"3,995.00",99.853045
"3,994.00",100.109491
"3,993.00",100.094966
"3,992.00",100.084023
"3,991.00",100.085789
"3,990.00",100.107371
"3,989.00",100.141518
"3,988.00",100.173086
"3,987.00",100.192106
"3,986.00",100.202037
"3,985.00",100.213428
"3,984.00",100.231524
"3,983.00",100.249693
"3,982.00",100.25482
"3,981.00",100.236032
"3,980.00",100.188439
"3,979.00",100.116147
"3,978.00",100.034774
"3,977.00",99.96613
"3,976.00",99.925591
"3,975.00",99.912346
"3,974.00",99.915312
"3,973.00",99.926771
"3,972.00",99.947332
"3,971.00",99.981267
"3,970.00",100.027143
"3,969.00",100.073957
"3,968.00",100.104585
"3,967.00",100.104928
"3,966.00",100.074796
"3,965.00",100.03019
"3,964.00",99.993429
"3,963.00",99.97837
"3,962.00",99.983905
"3,961.00",99.998334
"3,960.00",100.010986
"3,959.00",100.01984
"3,958.00",100.025426
"3,957.00",100.025579
"3,956.00",100.017372
"3,955.00",100.000988
"3,954.00",99.981574
"3,953.00",99.962031
"3,952.00",99.939683
"3,951.00",99.913891
"3,950.00",99.892247
"3,949.00",99.884851
"3,948.00",99.894946
"3,947.00",99.926257
"3,946.00",99.987964
"3,945.00",100.075489
"3,944.00",100.159863
"3,943.00",100.200108
"3,942.00",100.177912
"3,941.00",100.120064
"3,940.00",100.069122
"3,939.00",100.042043
"3,938.00",100.024473
"3,937.00",99.999282
"3,936.00",99.964625
"3,935.00",99.923539
"3,934.00",99.880155
"3,933.00",99.848967
"3,932.00",99.85434
"3,931.00",99.898874
"3,930.00",99.956825
"3,929.00",100.013247
"3,928.00",100.06435
"3,927.00",100.091916
"3,926.00",100.070529
"3,925.00",100.009302
"3,924.00",99.950078
"3,923.00",99.919559
"3,922.00",99.906398
"3,921.00",99.882686
"3,920.00",99.839792
"3,919.00",99.806045
"3,918.00",99.816833
"3,917.00",99.866331
"3,916.00",99.919563
"3,915.00",99.960401
"3,914.00",99.997081
"3,913.00",100.036065
"3,912.00",100.072902
"3,911.00",100.105049
"3,910.00",100.13106
"3,909.00",100.138331
"3,908.00",100.094738
"3,907.00",99.961712
"3,906.00",99.738362
"3,905.00",99.489751
"3,904.00",99.304701
"3,903.00",99.222653
"3,902.00",99.230315
"3,901.00",99.30253
"3,900.00",99.411233
"3,899.00",99.51856
"3,898.00",99.598335
"3,897.00",99.640961
"3,896.00",99.640367
"3,895.00",99.607014
"3,894.00",99.579149
"3,893.00",99.604679
"3,892.00",99.668731
"3,891.00",99.695322
"3,890.00",99.671362
"3,889.00",99.656466
"3,888.00",99.680304
"3,887.00",99.709828
"3,886.00",99.70068
"3,885.00",99.676336
"3,884.00",99.704979
"3,883.00",99.827174
"3,882.00",100.008048
"3,881.00",100.13487
"3,880.00",100.110559
"3,879.00",99.988256
"3,878.00",99.911466
"3,877.00",99.944873
"3,876.00",100.036103
"3,875.00",100.066486
"3,874.00",99.967329
"3,873.00",99.787884
"3,872.00",99.634803
"3,871.00",99.564026
"3,870.00",99.5279
"3,869.00",99.465022
"3,868.00",99.396497
"3,867.00",99.352311
"3,866.00",99.318449
"3,865.00",99.307848
"3,864.00",99.361338
"3,863.00",99.451532
"3,862.00",99.517562
"3,861.00",99.561984
"3,860.00",99.613319
"3,859.00",99.678462
"3,858.00",99.732425
"3,857.00",99.747006
"3,856.00",99.718306
"3,855.00",99.658264
"3,854.00",99.539523
"3,853.00",99.449548
"3,852.00",99.449834
"3,851.00",99.499628
"3,850.00",99.539811
"3,849.00",99.557513
"3,848.00",99.575395
"3,847.00",99.630704
"3,846.00",99.735499
"3,845.00",99.855832
"3,844.00",99.936129
"3,843.00",99.947525
"3,842.00",99.898833
"3,841.00",99.818918
"3,840.00",99.748865
"3,839.00",99.726159
"3,838.00",99.714404
"3,837.00",99.647858
"3,836.00",99.5513
"3,835.00",99.502709
"3,834.00",99.532418
"3,833.00",99.60222
"3,832.00",99.65613
"3,831.00",99.683186
"3,830.00",99.713147
"3,829.00",99.759319
"3,828.00",99.786218
"3,827.00",99.744336
"3,826.00",99.628924
"3,825.00",99.495681
"3,824.00",99.416335
"3,823.00",99.414936
"3,822.00",99.427643
"3,821.00",99.403927
"3,820.00",99.380405
"3,819.00",99.440746
"3,818.00",99.613435
"3,817.00",99.831732
"3,816.00",99.972407
"3,815.00",99.986085
"3,814.00",99.947018
"3,813.00",99.921523
"3,812.00",99.912537
"3,811.00",99.908055
"3,810.00",99.914658
"3,809.00",99.934722
"3,808.00",99.935401
"3,807.00",99.898541
"3,806.00",99.869095
"3,805.00",99.90325
"3,804.00",99.982132
"3,803.00",100.026106
"3,802.00",99.985525
"3,801.00",99.877102
"3,800.00",99.761307
"3,799.00",99.713695
"3,798.00",99.751466
"3,797.00",99.826261
"3,796.00",99.876224
"3,795.00",99.897642
"3,794.00",99.927587
"3,793.00",99.976383
"3,792.00",100.023024
"3,791.00",100.044791
"3,790.00",100.033262
"3,789.00",99.999299
"3,788.00",99.965173
"3,787.00",99.952801
"3,786.00",99.969841
"3,785.00",99.999407
"3,784.00",100.019186
"3,783.00",100.040561
"3,782.00",100.089648
"3,781.00",100.155035
"3,780.00",100.188152
"3,779.00",100.160173
"3,778.00",100.094546
"3,777.00",100.035892
"3,776.00",99.99422
"3,775.00",99.948363
"3,774.00",99.884776
"3,773.00",99.813255
"3,772.00",99.748664
"3,771.00",99.702204
"3,770.00",99.68112
"3,769.00",99.688744
"3,768.00",99.719707
"3,767.00",99.748648
"3,766.00",99.747823
"3,765.00",99.716486
"3,764.00",99.685228
"3,763.00",99.690438
"3,762.00",99.737257
"3,761.00",99.799232
"3,760.00",99.851941
"3,759.00",99.87792
"3,758.00",99.845176
"3,757.00",99.746612
"3,756.00",99.617971
"3,755.00",99.48943
"3,754.00",99.327538
"3,753.00",99.051547
"3,752.00",98.680936
"3,751.00",98.397396
"3,750.00",98.269741
"3,749.00",98.221387
"3,748.00",98.247747
"3,747.00",98.403645
"3,746.00",98.697977
"3,745.00",98.960001
"3,744.00",99.020895
"3,743.00",98.95416
"3,742.00",98.876186
"3,741.00",98.817123
"3,740.00",98.794262
"3,739.00",98.852048
"3,738.00",99.029205
"3,737.00",99.281327
"3,736.00",99.502072
"3,735.00",99.60508
"3,734.00",99.546327
"3,733.00",99.374883
"3,732.00",99.201166
"3,731.00",99.093813
"3,730.00",99.054551
"3,729.00",99.053966
"3,728.00",99.065101
"3,727.00",99.07857
"3,726.00",99.109274
"3,725.00",99.175089
"3,724.00",99.28103
"3,723.00",99.418467
"3,722.00",99.564846
"3,721.00",99.692493
"3,720.00",99.773972
"3,719.00",99.789894
"3,718.00",99.744176
"3,717.00",99.672795
"3,716.00",99.619367
"3,715.00",99.592243
"3,714.00",99.547414
"3,713.00",99.439319
"3,712.00",99.330367
"3,711.00",99.32255
"3,710.00",99.366471
"3,709.00",99.395285
"3,708.00",99.427208
"3,707.00",99.489506
"3,706.00",99.587148
"3,705.00",99.717565
"3,704.00",99.863295
"3,703.00",99.976368
"3,702.00",100.003009
"3,701.00",99.940455
"3,700.00",99.850099
"3,699.00",99.792274
"3,698.00",99.775999
"3,697.00",99.771532
"3,696.00",99.750856
"3,695.00",99.712467
"3,694.00",99.674065
"3,693.00",99.647086
"3,692.00",99.616122
"3,691.00",99.589137
"3,690.00",99.610652
"3,689.00",99.64476
"3,688.00",99.622731
"3,687.00",99.58139
"3,686.00",99.577396
"3,685.00",99.610675
"3,684.00",99.652989
"3,683.00",99.692172
"3,682.00",99.73184
"3,681.00",99.758944
"3,680.00",99.753395
"3,679.00",99.731888
"3,678.00",99.742181
"3,677.00",99.811927
"3,676.00",99.86296
"3,675.00",99.759588
"3,674.00",99.522676
"3,673.00",99.304008
"3,672.00",99.176582
"3,671.00",99.20288
"3,670.00",99.379863
"3,669.00",99.541729
"3,668.00",99.614463
"3,667.00",99.66147
"3,666.00",99.717662
"3,665.00",99.774175
"3,664.00",99.813025
"3,663.00",99.822569
"3,662.00",99.79654
"3,661.00",99.738176
"3,660.00",99.665373
"3,659.00",99.598811
"3,658.00",99.54664
"3,657.00",99.498673
"3,656.00",99.452709
"3,655.00",99.433854
"3,654.00",99.473807
"3,653.00",99.574098
"3,652.00",99.648654
"3,651.00",99.537525
"3,650.00",99.308409
"3,649.00",99.286518
"3,648.00",99.43554
"3,647.00",99.499727
"3,646.00",99.449346
"3,645.00",99.382985
"3,644.00",99.364684
"3,643.00",99.406614
"3,642.00",99.495533
"3,641.00",99.608796
"3,640.00",99.722146
"3,639.00",99.811721
"3,638.00",99.866945
"3,637.00",99.893531
"3,636.00",99.88708
"3,635.00",99.819532
"3,634.00",99.671632
"3,633.00",99.468647
"3,632.00",99.263587
"3,631.00",99.09313
"3,630.00",98.97412
"3,629.00",98.951948
"3,628.00",99.022634
"3,627.00",99.139027
"3,626.00",99.270484
"3,625.00",99.383168
"3,624.00",99.458976
"3,623.00",99.508859
"3,622.00",99.557293
"3,621.00",99.614078
"3,620.00",99.65503
"3,619.00",99.63457
"3,618.00",99.535034
"3,617.00",99.397538
"3,616.00",99.283784
"3,615.00",99.226188
"3,614.00",99.203555
"3,613.00",99.149986
"3,612.00",99.046521
"3,611.00",98.972568
"3,610.00",99.034521
"3,609.00",99.262311
"3,608.00",99.547067
"3,607.00",99.725909
"3,606.00",99.748292
"3,605.00",99.691518
"3,604.00",99.642521
"3,603.00",99.620383
"3,602.00",99.596396
"3,601.00",99.552979
"3,600.00",99.510078
"3,599.00",99.496692
"3,598.00",99.525094
"3,597.00",99.583242
"3,596.00",99.65513
"3,595.00",99.719515
"3,594.00",99.738982
"3,593.00",99.682592
"3,592.00",99.563669
"3,591.00",99.427182
"3,590.00",99.311593
"3,589.00",99.248383
"3,588.00",99.285224
"3,587.00",99.397462
"3,586.00",99.472389
"3,585.00",99.484945
"3,584.00",99.486318
"3,583.00",99.510187
"3,582.00",99.562335
"3,581.00",99.63085
"3,580.00",99.697874
"3,579.00",99.748292
"3,578.00",99.777718
"3,577.00",99.794907
"3,576.00",99.811252
"3,575.00",99.830783
"3,574.00",99.843576
"3,573.00",99.84205
"3,572.00",99.837109
"3,571.00",99.849558
"3,570.00",99.865341
"3,569.00",99.815549
"3,568.00",99.68357
"3,567.00",99.588481
"3,566.00",99.568062
"3,565.00",99.548928
"3,564.00",99.522236
"3,563.00",99.533265
"3,562.00",99.603098
"3,561.00",99.713297
"3,560.00",99.821585
"3,559.00",99.8891
"3,558.00",99.89869
"3,557.00",99.859685
"3,556.00",99.799151
"3,555.00",99.751299
"3,554.00",99.74332
"3,553.00",99.774981
"3,552.00",99.806512
"3,551.00",99.795016
"3,550.00",99.734184
"3,549.00",99.639443
"3,548.00",99.527395
"3,547.00",99.432946
"3,546.00",99.407473
"3,545.00",99.468119
"3,544.00",99.582414
"3,543.00",99.707013
"3,542.00",99.809974
"3,541.00",99.870718
"3,540.00",99.884898
"3,539.00",99.869629
"3,538.00",99.860398
"3,537.00",99.885177
"3,536.00",99.936995
"3,535.00",99.978845
"3,534.00",99.982538
"3,533.00",99.945071
"3,532.00",99.87584
"3,531.00",99.785246
"3,530.00",99.682109
"3,529.00",99.577306
"3,528.00",99.481314
"3,527.00",99.397894
"3,526.00",99.333244
"3,525.00",99.310954
"3,524.00",99.360946
"3,523.00",99.482106
"3,522.00",99.634249
"3,521.00",99.780001
"3,520.00",99.91001
"3,519.00",100.019788
"3,518.00",100.092957
"3,517.00",100.110165
"3,516.00",100.072132
"3,515.00",100.000501
"3,514.00",99.919653
"3,513.00",99.845289
"3,512.00",99.793652
"3,511.00",99.78787
"3,510.00",99.834808
"3,509.00",99.897267
"3,508.00",99.918407
"3,507.00",99.87267
"3,506.00",99.771349
"3,505.00",99.64956
"3,504.00",99.563344
"3,503.00",99.55944
"3,502.00",99.634269
"3,501.00",99.746673
"3,500.00",99.857214
"3,499.00",99.939356
"3,498.00",99.984295
"3,497.00",100.008361
"3,496.00",100.041042
"3,495.00",100.096287
"3,494.00",100.158862
"3,493.00",100.200491
"3,492.00",100.204815
"3,491.00",100.177808
"3,490.00",100.139795
"3,489.00",100.108761
"3,488.00",100.087361
"3,487.00",100.062994
"3,486.00",100.023961
"3,485.00",99.971051
"3,484.00",99.916281
"3,483.00",99.879244
"3,482.00",99.880786
"3,481.00",99.928933
"3,480.00",100.008307
"3,479.00",100.086355
"3,478.00",100.131015
"3,477.00",100.132217
"3,476.00",100.110934
"3,475.00",100.098981
"3,474.00",100.108931
"3,473.00",100.130394
"3,472.00",100.149504
"3,471.00",100.161268
"3,470.00",100.165427
"3,469.00",100.163757
"3,468.00",100.160915
"3,467.00",100.158335
"3,466.00",100.146319
"3,465.00",100.110677
"3,464.00",100.053762
"3,463.00",100.003087
"3,462.00",99.990707
"3,461.00",100.023507
"3,460.00",100.078726
"3,459.00",100.12766
"3,458.00",100.15802
"3,457.00",100.174636
"3,456.00",100.188605
"3,455.00",100.202386
"3,454.00",100.208258
"3,453.00",100.19733
"3,452.00",100.169028
"3,451.00",100.129005
"3,450.00",100.078246
"3,449.00",100.015292
"3,448.00",99.954096
"3,447.00",99.922715
"3,446.00",99.935408
"3,445.00",99.984113
"3,444.00",100.050542
"3,443.00",100.115791
"3,442.00",100.165119
"3,441.00",100.19289
"3,440.00",100.206999
"3,439.00",100.221494
"3,438.00",100.241218
"3,437.00",100.255783
"3,436.00",100.255381
"3,435.00",100.244162
"3,434.00",100.234571
"3,433.00",100.230577
"3,432.00",100.225071
"3,431.00",100.212902
"3,430.00",100.195969
"3,429.00",100.176728
"3,428.00",100.152118
"3,427.00",100.116761
"3,426.00",100.068972
"3,425.00",100.014383
"3,424.00",99.966376
"3,423.00",99.940721
"3,422.00",99.945741
"3,421.00",99.976045
"3,420.00",100.018977
"3,419.00",100.06542
"3,418.00",100.111044
"3,417.00",100.151466
"3,416.00",100.18425
"3,415.00",100.211869
"3,414.00",100.234328
"3,413.00",100.242682
"3,412.00",100.228888
"3,411.00",100.200386
"3,410.00",100.177635
"3,409.00",100.177144
"3,408.00",100.1979
"3,407.00",100.22136
"3,406.00",100.223468
"3,405.00",100.192386
"3,404.00",100.142015
"3,403.00",100.10269
"3,402.00",100.094619
"3,401.00",100.111611
"3,400.00",100.131891
"3,399.00",100.13867
"3,398.00",100.127869
"3,397.00",100.10304
"3,396.00",100.071011
"3,395.00",100.042823
"3,394.00",100.031793
"3,393.00",100.046248
"3,392.00",100.081477
"3,391.00",100.12035
"3,390.00",100.145167
"3,389.00",100.148956
"3,388.00",100.138135
"3,387.00",100.124917
"3,386.00",100.118179
"3,385.00",100.119864
"3,384.00",100.127825
"3,383.00",100.136242
"3,382.00",100.136378
"3,381.00",100.122922
"3,380.00",100.101575
"3,379.00",100.087629
"3,378.00",100.09444
"3,377.00",100.124257
"3,376.00",100.166035
"3,375.00",100.199577
"3,374.00",100.20569
"3,373.00",100.179321
"3,372.00",100.13267
"3,371.00",100.083096
"3,370.00",100.040345
"3,369.00",100.008099
"3,368.00",99.99118
"3,367.00",99.991438
"3,366.00",99.998456
"3,365.00",99.995346
"3,364.00",99.977517
"3,363.00",99.958619
"3,362.00",99.954736
"3,361.00",99.966698
"3,360.00",99.980702
"3,359.00",99.983524
"3,358.00",99.976157
"3,357.00",99.974915
"3,356.00",99.997549
"3,355.00",100.045553
"3,354.00",100.101743
"3,353.00",100.148019
"3,352.00",100.180576
"3,351.00",100.204187
"3,350.00",100.216832
"3,349.00",100.20989
"3,348.00",100.183258
"3,347.00",100.150631
"3,346.00",100.129234
"3,345.00",100.128592
"3,344.00",100.148371
"3,343.00",100.17829
"3,342.00",100.198745
"3,341.00",100.190924
"3,340.00",100.151946
"3,339.00",100.098312
"3,338.00",100.053618
"3,337.00",100.034591
"3,336.00",100.045069
"3,335.00",100.076663
"3,334.00",100.115343
"3,333.00",100.151138
"3,332.00",100.180997
"3,331.00",100.200234
"3,330.00",100.197779
"3,329.00",100.169374
"3,328.00",100.132293
"3,327.00",100.113807
"3,326.00",100.124306
"3,325.00",100.150678
"3,324.00",100.175981
"3,323.00",100.193796
"3,322.00",100.20273
"3,321.00",100.201426
"3,320.00",100.194165
"3,319.00",100.188953
"3,318.00",100.183977
"3,317.00",100.166449
"3,316.00",100.132307
"3,315.00",100.097659
"3,314.00",100.080982
"3,313.00",100.079954
"3,312.00",100.07572
"3,311.00",100.057218
"3,310.00",100.034308
"3,309.00",100.02816
"3,308.00",100.052523
"3,307.00",100.101919
"3,306.00",100.153712
"3,305.00",100.184017
"3,304.00",100.186572
"3,303.00",100.175033
"3,302.00",100.166604
"3,301.00",100.167801
"3,300.00",100.177393
"3,299.00",100.191878
"3,298.00",100.201986
"3,297.00",100.192797
"3,296.00",100.15915
"3,295.00",100.119067
"3,294.00",100.101278
"3,293.00",100.116692
"3,292.00",100.14631
"3,291.00",100.159697
"3,290.00",100.144056
"3,289.00",100.113854
"3,288.00",100.094081
"3,287.00",100.096655
"3,286.00",100.113564
"3,285.00",100.13091
"3,284.00",100.142806
"3,283.00",100.148881
"3,282.00",100.145299
"3,281.00",100.128494
"3,280.00",100.105556
"3,279.00",100.08888
"3,278.00",100.079863
"3,277.00",100.067982
"3,276.00",100.049515
"3,275.00",100.037615
"3,274.00",100.04678
"3,273.00",100.07426
"3,272.00",100.104471
"3,271.00",100.126691
"3,270.00",100.142455
"3,269.00",100.159011
"3,268.00",100.180041
"3,267.00",100.201426
"3,266.00",100.214497
"3,265.00",100.215941
"3,264.00",100.212205
"3,263.00",100.211118
"3,262.00",100.210376
"3,261.00",100.201599
"3,260.00",100.184319
"3,259.00",100.166846
"3,258.00",100.153019
"3,257.00",100.137285
"3,256.00",100.117343
"3,255.00",100.102519
"3,254.00",100.103932
"3,253.00",100.120763
"3,252.00",100.142172
"3,251.00",100.157347
"3,250.00",100.159126
"3,249.00",100.145263
"3,248.00",100.123057
"3,247.00",100.109166
"3,246.00",100.116396
"3,245.00",100.137936
"3,244.00",100.150071
"3,243.00",100.135866
"3,242.00",100.103719
"3,241.00",100.080316
"3,240.00",100.085134
"3,239.00",100.112308
"3,238.00",100.137894
"3,237.00",100.143175
"3,236.00",100.127964
"3,235.00",100.102162
"3,234.00",100.073509
"3,233.00",100.046972
"3,232.00",100.029417
"3,231.00",100.02641
"3,230.00",100.035263
"3,229.00",100.048212
"3,228.00",100.062015
"3,227.00",100.08004
"3,226.00",100.106299
"3,225.00",100.140235
"3,224.00",100.174119
"3,223.00",100.193356
"3,222.00",100.184645
"3,221.00",100.151013
"3,220.00",100.113125
"3,219.00",100.088936
"3,218.00",100.077592
"3,217.00",100.070668
"3,216.00",100.069964
"3,215.00",100.081429
"3,214.00",100.09691
"3,213.00",100.09885
"3,212.00",100.085596
"3,211.00",100.077425
"3,210.00",100.090796
"3,209.00",100.117323
"3,208.00",100.13518
"3,207.00",100.133897
"3,206.00",100.119773
"3,205.00",100.103841
"3,204.00",100.091262
"3,203.00",100.079228
"3,202.00",100.058945
"3,201.00",100.0233
"3,200.00",99.977514
"3,199.00",99.940718
"3,198.00",99.931462
"3,197.00",99.950663
"3,196.00",99.981743
"3,195.00",100.006028
"3,194.00",100.016322
"3,193.00",100.0184
"3,192.00",100.022541
"3,191.00",100.031867
"3,190.00",100.037406
"3,189.00",100.027776
"3,188.00",100.003825
"3,187.00",99.982515
"3,186.00",99.982544
"3,185.00",100.006379
"3,184.00",100.036507
"3,183.00",100.049298
"3,182.00",100.033625
"3,181.00",99.998659
"3,180.00",99.966691
"3,179.00",99.956709
"3,178.00",99.970786
"3,177.00",99.995525
"3,176.00",100.016334
"3,175.00",100.027403
"3,174.00",100.029094
"3,173.00",100.021467
"3,172.00",100.004685
"3,171.00",99.984451
"3,170.00",99.972693
"3,169.00",99.979291
"3,168.00",100.001354
"3,167.00",100.024293
"3,166.00",100.035787
"3,165.00",100.037373
"3,164.00",100.039051
"3,163.00",100.044478
"3,162.00",100.047595
"3,161.00",100.044223
"3,160.00",100.040694
"3,159.00",100.046786
"3,158.00",100.063145
"3,157.00",100.07955
"3,156.00",100.084037
"3,155.00",100.071818
"3,154.00",100.048573
"3,153.00",100.027986
"3,152.00",100.022548
"3,151.00",100.031899
"3,150.00",100.0419
"3,149.00",100.03922
"3,148.00",100.025938
"3,147.00",100.017233
"3,146.00",100.026547
"3,145.00",100.054936
"3,144.00",100.091185
"3,143.00",100.11781
"3,142.00",100.121492
"3,141.00",100.102874
"3,140.00",100.075414
"3,139.00",100.051334
"3,138.00",100.031606
"3,137.00",100.012206
"3,136.00",99.995483
"3,135.00",99.990358
"3,134.00",100.00358
"3,133.00",100.031865
"3,132.00",100.060591
"3,131.00",100.071368
"3,130.00",100.056039
"3,129.00",100.024551
"3,128.00",99.994367
"3,127.00",99.970197
"3,126.00",99.940953
"3,125.00",99.901076
"3,124.00",99.864291
"3,123.00",99.846832
"3,122.00",99.845519
"3,121.00",99.844888
"3,120.00",99.84115
"3,119.00",99.84448
"3,118.00",99.86011
"3,117.00",99.881097
"3,116.00",99.901163
"3,115.00",99.922203
"3,114.00",99.945611
"3,113.00",99.964998
"3,112.00",99.972878
"3,111.00",99.968436
"3,110.00",99.956076
"3,109.00",99.94155
"3,108.00",99.931281
"3,107.00",99.928587
"3,106.00",99.925734
"3,105.00",99.908224
"3,104.00",99.871879
"3,103.00",99.83169
"3,102.00",99.808214
"3,101.00",99.809216
"3,100.00",99.828484
"3,099.00",99.856542
"3,098.00",99.885797
"3,097.00",99.910008
"3,096.00",99.926628
"3,095.00",99.938023
"3,094.00",99.947836
"3,093.00",99.957461
"3,092.00",99.966287
"3,091.00",99.971176
"3,090.00",99.966028
"3,089.00",99.947366
"3,088.00",99.921283
"3,087.00",99.899708
"3,086.00",99.887672
"3,085.00",99.879876
"3,084.00",99.869364
"3,083.00",99.853358
"3,082.00",99.831129
"3,081.00",99.8054
"3,080.00",99.788007
"3,079.00",99.793674
"3,078.00",99.823337
"3,077.00",99.860171
"3,076.00",99.887527
"3,075.00",99.903941
"3,074.00",99.916448
"3,073.00",99.926347
"3,072.00",99.927712
"3,071.00",99.91595
"3,070.00",99.891102
"3,069.00",99.856509
"3,068.00",99.819335
"3,067.00",99.789145
"3,066.00",99.771033
"3,065.00",99.762923
"3,064.00",99.762235
"3,063.00",99.770343
"3,062.00",99.786356
"3,061.00",99.801301
"3,060.00",99.803773
"3,059.00",99.788633
"3,058.00",99.759175
"3,057.00",99.724013
"3,056.00",99.694364
"3,055.00",99.679244
"3,054.00",99.680502
"3,053.00",99.69462
"3,052.00",99.717656
"3,051.00",99.744577
"3,050.00",99.76425
"3,049.00",99.763855
"3,048.00",99.742154
"3,047.00",99.712792
"3,046.00",99.690824
"3,045.00",99.680168
"3,044.00",99.674353
"3,043.00",99.664644
"3,042.00",99.644931
"3,041.00",99.614022
"3,040.00",99.57635
"3,039.00",99.537723
"3,038.00",99.50056
"3,037.00",99.465549
"3,036.00",99.435514
"3,035.00",99.412473
"3,034.00",99.393478
"3,033.00",99.376638
"3,032.00",99.368261
"3,031.00",99.374401
"3,030.00",99.387227
"3,029.00",99.390811
"3,028.00",99.380041
"3,027.00",99.364682
"3,026.00",99.354543
"3,025.00",99.349207
"3,024.00",99.344253
"3,023.00",99.338302
"3,022.00",99.328688
"3,021.00",99.310172
"3,020.00",99.283832
"3,019.00",99.25896
"3,018.00",99.23856
"3,017.00",99.210803
"3,016.00",99.163956
"3,015.00",99.104533
"3,014.00",99.051778
"3,013.00",99.017286
"3,012.00",98.996736
"3,011.00",98.978556
"3,010.00",98.952902
"3,009.00",98.914268
"3,008.00",98.86375
"3,007.00",98.810897
"3,006.00",98.768074
"3,005.00",98.739013
"3,004.00",98.713606
"3,003.00",98.675535
"3,002.00",98.616262
"3,001.00",98.54281
"3,000.00",98.470991
"2,999.00",98.409247
"2,998.00",98.350266
"2,997.00",98.282142
"2,996.00",98.205194
"2,995.00",98.130067
"2,994.00",98.058629
"2,993.00",97.975962
"2,992.00",97.866667
"2,991.00",97.73291
"2,990.00",97.5905
"2,989.00",97.451516
"2,988.00",97.315945
"2,987.00",97.176747
"2,986.00",97.025872
"2,985.00",96.855289
"2,984.00",96.658102
"2,983.00",96.431595
"2,982.00",96.176574
"2,981.00",95.891186
"2,980.00",95.566489
"2,979.00",95.190194
"2,978.00",94.753568
"2,977.00",94.251948
"2,976.00",93.677369
"2,975.00",93.012655
"2,974.00",92.234794
"2,973.00",91.322882
"2,972.00",90.260712
"2,971.00",89.034594
"2,970.00",87.63588
"2,969.00",86.070747
"2,968.00",84.36769
"2,967.00",82.577244
"2,966.00",80.766726
"2,965.00",79.011601
"2,964.00",77.38152
"2,963.00",75.927
"2,962.00",74.679676
"2,961.00",73.664614
"2,960.00",72.910787
"2,959.00",72.452154
"2,958.00",72.325094
"2,957.00",72.566063
"2,956.00",73.200732
"2,955.00",74.220096
"2,954.00",75.557782
"2,953.00",77.092458
"2,952.00",78.679132
"2,951.00",80.188135
"2,950.00",81.526283
"2,949.00",82.635776
"2,948.00",83.484436
"2,947.00",84.057668
"2,946.00",84.356211
"2,945.00",84.395722
"2,944.00",84.200504
"2,943.00",83.792243
"2,942.00",83.186215
"2,941.00",82.399771
"2,940.00",81.460022
"2,939.00",80.398948
"2,938.00",79.244279
"2,937.00",78.019233
"2,936.00",76.746555
"2,935.00",75.446888
"2,934.00",74.134372
"2,933.00",72.818967
"2,932.00",71.512775
"2,931.00",70.231276
"2,930.00",68.990208
"2,929.00",67.806324
"2,928.00",66.704029
"2,927.00",65.720562
"2,926.00",64.903854
"2,925.00",64.303534
"2,924.00",63.961854
"2,923.00",63.909969
"2,922.00",64.16614
"2,921.00",64.729906
"2,920.00",65.575465
"2,919.00",66.655538
"2,918.00",67.916748
"2,917.00",69.310913
"2,916.00",70.791797
"2,915.00",72.306825
"2,914.00",73.801305
"2,913.00",75.233654
"2,912.00",76.582708
"2,911.00",77.837464
"2,910.00",78.986676
"2,909.00",80.024139
"2,908.00",80.958657
"2,907.00",81.808305
"2,906.00",82.585615
"2,905.00",83.29378
"2,904.00",83.93736
"2,903.00",84.5241
"2,902.00",85.065798
"2,901.00",85.569434
"2,900.00",86.042278
"2,899.00",86.494441
"2,898.00",86.932709
"2,897.00",87.361506
"2,896.00",87.785916
"2,895.00",88.209007
"2,894.00",88.624551
"2,893.00",89.018913
"2,892.00",89.381115
"2,891.00",89.706131
"2,890.00",89.988466
"2,889.00",90.21934
"2,888.00",90.391625
"2,887.00",90.500655
"2,886.00",90.536438
"2,885.00",90.47889
"2,884.00",90.303331
"2,883.00",89.988556
"2,882.00",89.520188
"2,881.00",88.890726
"2,880.00",88.099763
"2,879.00",87.158874
"2,878.00",86.109288
"2,877.00",85.047295
"2,876.00",84.126313
"2,875.00",83.508876
"2,874.00",83.289782
"2,873.00",83.446069
"2,872.00",83.850344
"2,871.00",84.330908
"2,870.00",84.729419
"2,869.00",84.930478
"2,868.00",84.867651
"2,867.00",84.522289
"2,866.00",83.919424
"2,865.00",83.118042
"2,864.00",82.198649
"2,863.00",81.25245
"2,862.00",80.373556
"2,861.00",79.644594
"2,860.00",79.112901
"2,859.00",78.775485
"2,858.00",78.593578
"2,857.00",78.531016
"2,856.00",78.586359
"2,855.00",78.797258
"2,854.00",79.222027
"2,853.00",79.912976
"2,852.00",80.891174
"2,851.00",82.130842
"2,850.00",83.562749
"2,849.00",85.094543
"2,848.00",86.632772
"2,847.00",88.096182
"2,846.00",89.424951
"2,845.00",90.59038
"2,844.00",91.594541
"2,843.00",92.45328
"2,842.00",93.180678
"2,841.00",93.79236
"2,840.00",94.313954
"2,839.00",94.772128
"2,838.00",95.177272
"2,837.00",95.525052
"2,836.00",95.81617
"2,835.00",96.066387
"2,834.00",96.295017
"2,833.00",96.509573
"2,832.00",96.703878
"2,831.00",96.868219
"2,830.00",97.002171
"2,829.00",97.12046
"2,828.00",97.243433
"2,827.00",97.377918
"2,826.00",97.511326
"2,825.00",97.629228
"2,824.00",97.732859
"2,823.00",97.831981
"2,822.00",97.926403
"2,821.00",98.0058
"2,820.00",98.066226
"2,819.00",98.116689
"2,818.00",98.16923
"2,817.00",98.230547
"2,816.00",98.302629
"2,815.00",98.382807
"2,814.00",98.461907
"2,813.00",98.52926
"2,812.00",98.581267
"2,811.00",98.621244
"2,810.00",98.653091
"2,809.00",98.680581
"2,808.00",98.709535
"2,807.00",98.743041
"2,806.00",98.776508
"2,805.00",98.804946
"2,804.00",98.833368
"2,803.00",98.872243
"2,802.00",98.923753
"2,801.00",98.979359
"2,800.00",99.028713
"2,799.00",99.063903
"2,798.00",99.078543
"2,797.00",99.072879
"2,796.00",99.059108
"2,795.00",99.052603
"2,794.00",99.057955
"2,793.00",99.070923
"2,792.00",99.091002
"2,791.00",99.121419
"2,790.00",99.157462
"2,789.00",99.186612
"2,788.00",99.20339
"2,787.00",99.215395
"2,786.00",99.231946
"2,785.00",99.253814
"2,784.00",99.276297
"2,783.00",99.295831
"2,782.00",99.311436
"2,781.00",99.324706
"2,780.00",99.339277
"2,779.00",99.356028
"2,778.00",99.370107
"2,777.00",99.378023
"2,776.00",99.385364
"2,775.00",99.400371
"2,774.00",99.421576
"2,773.00",99.439214
"2,772.00",99.447654
"2,771.00",99.449176
"2,770.00",99.447376
"2,769.00",99.445261
"2,768.00",99.448787
"2,767.00",99.463582
"2,766.00",99.487725
"2,765.00",99.513993
"2,764.00",99.537152
"2,763.00",99.552441
"2,762.00",99.552053
"2,761.00",99.534783
"2,760.00",99.516524
"2,759.00",99.517372
"2,758.00",99.53715
"2,757.00",99.555725
"2,756.00",99.559552
"2,755.00",99.555997
"2,754.00",99.557911
"2,753.00",99.565705
"2,752.00",99.570747
"2,751.00",99.567672
"2,750.00",99.55715
"2,749.00",99.542646
"2,748.00",99.529367
"2,747.00",99.521681
"2,746.00",99.518183
"2,745.00",99.513013
"2,744.00",99.502631
"2,743.00",99.486467
"2,742.00",99.462317
"2,741.00",99.429319
"2,740.00",99.395737
"2,739.00",99.374682
"2,738.00",99.36952
"2,737.00",99.370642
"2,736.00",99.3681
"2,735.00",99.359813
"2,734.00",99.346596
"2,733.00",99.329033
"2,732.00",99.313055
"2,731.00",99.309855
"2,730.00",99.324888
"2,729.00",99.352531
"2,728.00",99.384908
"2,727.00",99.419678
"2,726.00",99.455966
"2,725.00",99.489279
"2,724.00",99.515101
"2,723.00",99.532991
"2,722.00",99.544371
"2,721.00",99.551196
"2,720.00",99.558792
"2,719.00",99.573836
"2,718.00",99.596129
"2,717.00",99.61727
"2,716.00",99.630469
"2,715.00",99.637548
"2,714.00",99.644261
"2,713.00",99.653353
"2,712.00",99.664002
"2,711.00",99.673685
"2,710.00",99.679378
"2,709.00",99.68142
"2,708.00",99.686441
"2,707.00",99.700626
"2,706.00",99.719561
"2,705.00",99.731692
"2,704.00",99.733333
"2,703.00",99.733094
"2,702.00",99.738722
"2,701.00",99.746312
"2,700.00",99.746815
"2,699.00",99.738093
"2,698.00",99.726434
"2,697.00",99.719494
"2,696.00",99.720661
"2,695.00",99.727453
"2,694.00",99.733125
"2,693.00",99.731732
"2,692.00",99.722347
"2,691.00",99.706834
"2,690.00",99.685787
"2,689.00",99.660922
"2,688.00",99.638931
"2,687.00",99.626268
"2,686.00",99.620621
"2,685.00",99.613917
"2,684.00",99.603482
"2,683.00",99.593614
"2,682.00",99.586416
"2,681.00",99.579075
"2,680.00",99.571579
"2,679.00",99.569293
"2,678.00",99.574462
"2,677.00",99.580723
"2,676.00",99.578981
"2,675.00",99.564626
"2,674.00",99.538258
"2,673.00",99.50551
"2,672.00",99.478115
"2,671.00",99.468572
"2,670.00",99.479182
"2,669.00",99.499114
"2,668.00",99.514865
"2,667.00",99.521672
"2,666.00",99.524878
"2,665.00",99.534182
"2,664.00",99.556991
"2,663.00",99.592755
"2,662.00",99.631679
"2,661.00",99.661689
"2,660.00",99.6779
"2,659.00",99.684332
"2,658.00",99.688411
"2,657.00",99.696424
"2,656.00",99.711154
"2,655.00",99.729103
"2,654.00",99.742514
"2,653.00",99.749184
"2,652.00",99.757032
"2,651.00",99.772752
"2,650.00",99.789374
"2,649.00",99.793167
"2,648.00",99.781013
"2,647.00",99.76331
"2,646.00",99.751779
"2,645.00",99.751822
"2,644.00",99.763227
"2,643.00",99.778242
"2,642.00",99.781376
"2,641.00",99.762824
"2,640.00",99.73174
"2,639.00",99.706181
"2,638.00",99.692173
"2,637.00",99.684639
"2,636.00",99.685886
"2,635.00",99.70565
"2,634.00",99.740436
"2,633.00",99.770138
"2,632.00",99.782237
"2,631.00",99.784984
"2,630.00",99.788616
"2,629.00",99.787896
"2,628.00",99.77474
"2,627.00",99.757177
"2,626.00",99.751636
"2,625.00",99.760965
"2,624.00",99.77129
"2,623.00",99.769285
"2,622.00",99.755269
"2,621.00",99.739766
"2,620.00",99.731773
"2,619.00",99.73077
"2,618.00",99.729936
"2,617.00",99.728428
"2,616.00",99.736349
"2,615.00",99.760517
"2,614.00",99.788487
"2,613.00",99.797581
"2,612.00",99.780655
"2,611.00",99.753005
"2,610.00",99.732513
"2,609.00",99.723632
"2,608.00",99.722744
"2,607.00",99.727454
"2,606.00",99.735772
"2,605.00",99.74539
"2,604.00",99.758076
"2,603.00",99.776623
"2,602.00",99.795056
"2,601.00",99.801332
"2,600.00",99.791956
"2,599.00",99.77364
"2,598.00",99.749282
"2,597.00",99.716423
"2,596.00",99.683832
"2,595.00",99.67346
"2,594.00",99.695506
"2,593.00",99.732763
"2,592.00",99.761012
"2,591.00",99.777002
"2,590.00",99.795363
"2,589.00",99.824073
"2,588.00",99.85396
"2,587.00",99.869237
"2,586.00",99.860024
"2,585.00",99.827669
"2,584.00",99.786128
"2,583.00",99.757053
"2,582.00",99.756184
"2,581.00",99.782025
"2,580.00",99.819043
"2,579.00",99.851133
"2,578.00",99.871055
"2,577.00",99.879203
"2,576.00",99.87653
"2,575.00",99.861242
"2,574.00",99.835035
"2,573.00",99.810968
"2,572.00",99.80672
"2,571.00",99.824944
"2,570.00",99.846958
"2,569.00",99.852769
"2,568.00",99.841525
"2,567.00",99.82534
"2,566.00",99.812106
"2,565.00",99.806059
"2,564.00",99.816454
"2,563.00",99.848291
"2,562.00",99.887532
"2,561.00",99.912745
"2,560.00",99.92207
"2,559.00",99.933446
"2,558.00",99.95688
"2,557.00",99.981388
"2,556.00",99.991852
"2,555.00",99.98467
"2,554.00",99.963372
"2,553.00",99.932408
"2,552.00",99.90026
"2,551.00",99.877648
"2,550.00",99.868065
"2,549.00",99.86768
"2,548.00",99.874075
"2,547.00",99.884622
"2,546.00",99.888247
"2,545.00",99.873813
"2,544.00",99.848366
"2,543.00",99.832716
"2,542.00",99.836003
"2,541.00",99.847348
"2,540.00",99.853822
"2,539.00",99.852669
"2,538.00",99.845237
"2,537.00",99.836053
"2,536.00",99.840474
"2,535.00",99.873387
"2,534.00",99.922728
"2,533.00",99.952698
"2,532.00",99.944842
"2,531.00",99.921193
"2,530.00",99.9154
"2,529.00",99.934703
"2,528.00",99.962124
"2,527.00",99.982523
"2,526.00",99.990641
"2,525.00",99.983037
"2,524.00",99.960231
"2,523.00",99.934341
"2,522.00",99.92047
"2,521.00",99.919491
"2,520.00",99.91831
"2,519.00",99.907415
"2,518.00",99.890952
"2,517.00",99.879056
"2,516.00",99.876088
"2,515.00",99.878064
"2,514.00",99.878566
"2,513.00",99.875058
"2,512.00",99.868984
"2,511.00",99.860676
"2,510.00",99.848284
"2,509.00",99.834831
"2,508.00",99.832125
"2,507.00",99.851574
"2,506.00",99.892846
"2,505.00",99.945765
"2,504.00",99.998961
"2,503.00",100.040521
"2,502.00",100.056791
"2,501.00",100.042572
"2,500.00",100.010148
"2,499.00",99.976585
"2,498.00",99.943735
"2,497.00",99.902886
"2,496.00",99.857961
"2,495.00",99.82953
"2,494.00",99.832322
"2,493.00",99.859496
"2,492.00",99.891655
"2,491.00",99.911046
"2,490.00",99.905531
"2,489.00",99.872772
"2,488.00",99.827815
"2,487.00",99.797309
"2,486.00",99.798879
"2,485.00",99.829739
"2,484.00",99.875881
"2,483.00",99.923985
"2,482.00",99.96233
"2,481.00",99.981015
"2,480.00",99.978852
"2,479.00",99.964963
"2,478.00",99.94912
"2,477.00",99.934349
"2,476.00",99.920445
"2,475.00",99.909047
"2,474.00",99.902616
"2,473.00",99.902283
"2,472.00",99.907643
"2,471.00",99.91544
"2,470.00",99.91986
"2,469.00",99.91848
"2,468.00",99.915825
"2,467.00",99.916678
"2,466.00",99.920001
"2,465.00",99.924809
"2,464.00",99.935398
"2,463.00",99.951857
"2,462.00",99.961815
"2,461.00",99.953931
"2,460.00",99.935695
"2,459.00",99.925138
"2,458.00",99.927821
"2,457.00",99.934733
"2,456.00",99.939675
"2,455.00",99.943813
"2,454.00",99.944915
"2,453.00",99.939032
"2,452.00",99.933808
"2,451.00",99.942723
"2,450.00",99.962423
"2,449.00",99.972713
"2,448.00",99.965271
"2,447.00",99.956555
"2,446.00",99.96328
"2,445.00",99.97863
"2,444.00",99.983925
"2,443.00",99.97489
"2,442.00",99.965776
"2,441.00",99.972091
"2,440.00",99.995417
"2,439.00",100.020355
"2,438.00",100.022817
"2,437.00",99.988474
"2,436.00",99.928464
"2,435.00",99.872492
"2,434.00",99.843907
"2,433.00",99.845583
"2,432.00",99.867617
"2,431.00",99.898127
"2,430.00",99.924911
"2,429.00",99.939132
"2,428.00",99.944768
"2,427.00",99.956256
"2,426.00",99.979388
"2,425.00",99.999382
"2,424.00",99.993727
"2,423.00",99.954815
"2,422.00",99.898488
"2,421.00",99.854241
"2,420.00",99.846173
"2,419.00",99.875563
"2,418.00",99.918902
"2,417.00",99.948198
"2,416.00",99.955557
"2,415.00",99.953664
"2,414.00",99.953338
"2,413.00",99.950289
"2,412.00",99.937081
"2,411.00",99.91901
"2,410.00",99.910462
"2,409.00",99.918251
"2,408.00",99.933794
"2,407.00",99.941143
"2,406.00",99.930084
"2,405.00",99.901867
"2,404.00",99.864985
"2,403.00",99.828966
"2,402.00",99.804278
"2,401.00",99.803614
"2,400.00",99.833413
"2,399.00",99.881096
"2,398.00",99.918684
"2,397.00",99.925423
"2,396.00",99.903473
"2,395.00",99.870084
"2,394.00",99.843018
"2,393.00",99.837116
"2,392.00",99.861082
"2,391.00",99.904518
"2,390.00",99.935211
"2,389.00",99.923158
"2,388.00",99.867007
"2,387.00",99.790083
"2,386.00",99.717083
"2,385.00",99.664824
"2,384.00",99.647862
"2,383.00",99.676223
"2,382.00",99.7463
"2,381.00",99.845649
"2,380.00",99.967055
"2,379.00",100.104309
"2,378.00",100.232389
"2,377.00",100.308754
"2,376.00",100.307463
"2,375.00",100.242312
"2,374.00",100.14841
"2,373.00",100.051517
"2,372.00",99.961825
"2,371.00",99.886571
"2,370.00",99.838992
"2,369.00",99.837149
"2,368.00",99.890393
"2,367.00",99.976338
"2,366.00",100.041627
"2,365.00",100.047172
"2,364.00",100.012355
"2,363.00",99.993339
"2,362.00",100.009371
"2,361.00",100.033471
"2,360.00",100.047507
"2,359.00",100.049638
"2,358.00",100.043872
"2,357.00",100.040474
"2,356.00",100.06102
"2,355.00",100.115475
"2,354.00",100.169814
"2,353.00",100.183071
"2,352.00",100.144846
"2,351.00",100.08267
"2,350.00",100.034878
"2,349.00",100.016611
"2,348.00",100.030728
"2,347.00",100.051899
"2,346.00",100.04332
"2,345.00",99.992396
"2,344.00",99.934398
"2,343.00",99.923152
"2,342.00",99.957352
"2,341.00",100.015446
"2,340.00",100.089493
"2,339.00",100.172519
"2,338.00",100.227889
"2,337.00",100.216144
"2,336.00",100.1407
"2,335.00",100.043469
"2,334.00",99.955471
"2,333.00",99.895885
"2,332.00",99.88259
"2,331.00",99.921853
"2,330.00",99.979731
"2,329.00",99.994499
"2,328.00",99.961529
"2,327.00",99.921573
"2,326.00",99.910922
"2,325.00",99.917905
"2,324.00",99.909393
"2,323.00",99.881512
"2,322.00",99.84386
"2,321.00",99.809974
"2,320.00",99.783527
"2,319.00",99.774554
"2,318.00",99.786756
"2,317.00",99.81333
"2,316.00",99.840641
"2,315.00",99.856088
"2,314.00",99.857322
"2,313.00",99.855814
"2,312.00",99.868394
"2,311.00",99.888598
"2,310.00",99.885666
"2,309.00",99.840981
"2,308.00",99.781979
"2,307.00",99.754851
"2,306.00",99.769664
"2,305.00",99.791363
"2,304.00",99.783184
"2,303.00",99.744273
"2,302.00",99.700855
"2,301.00",99.679884
"2,300.00",99.693146
"2,299.00",99.731676
"2,298.00",99.772805
"2,297.00",99.798929
"2,296.00",99.814662
"2,295.00",99.832608
"2,294.00",99.850876
"2,293.00",99.855055
"2,292.00",99.8432
"2,291.00",99.831168
"2,290.00",99.832917
"2,289.00",99.848575
"2,288.00",99.870865
"2,287.00",99.890525
"2,286.00",99.896012
"2,285.00",99.884696
"2,284.00",99.87337
"2,283.00",99.882967
"2,282.00",99.911362
"2,281.00",99.935926
"2,280.00",99.940182
"2,279.00",99.923885
"2,278.00",99.891444
"2,277.00",99.852681
"2,276.00",99.829575
"2,275.00",99.835885
"2,274.00",99.85088
"2,273.00",99.839019
"2,272.00",99.79893
"2,271.00",99.765843
"2,270.00",99.761886
"2,269.00",99.770358
"2,268.00",99.765789
"2,267.00",99.7449
"2,266.00",99.719585
"2,265.00",99.702327
"2,264.00",99.707951
"2,263.00",99.746999
"2,262.00",99.807659
"2,261.00",99.860001
"2,260.00",99.884971
"2,259.00",99.886601
"2,258.00",99.875516
"2,257.00",99.860967
"2,256.00",99.856257
"2,255.00",99.869106
"2,254.00",99.886018
"2,253.00",99.889194
"2,252.00",99.887742
"2,251.00",99.90259
"2,250.00",99.926014
"2,249.00",99.923076
"2,248.00",99.885841
"2,247.00",99.849443
"2,246.00",99.842488
"2,245.00",99.855867
"2,244.00",99.867169
"2,243.00",99.870664
"2,242.00",99.867421
"2,241.00",99.851899
"2,240.00",99.825734
"2,239.00",99.806738
"2,238.00",99.809324
"2,237.00",99.828917
"2,236.00",99.853631
"2,235.00",99.878506
"2,234.00",99.904144
"2,233.00",99.934943
"2,232.00",99.97735
"2,231.00",100.021442
"2,230.00",100.027597
"2,229.00",99.95779
"2,228.00",99.823884
"2,227.00",99.683669
"2,226.00",99.590112
"2,225.00",99.563078
"2,224.00",99.599805
"2,223.00",99.68202
"2,222.00",99.773323
"2,221.00",99.839957
"2,220.00",99.880132
"2,219.00",99.911737
"2,218.00",99.936139
"2,217.00",99.940678
"2,216.00",99.927704
"2,215.00",99.908473
"2,214.00",99.878861
"2,213.00",99.839597
"2,212.00",99.828442
"2,211.00",99.882849
"2,210.00",99.971549
"2,209.00",100.013143
"2,208.00",99.973438
"2,207.00",99.901877
"2,206.00",99.864055
"2,205.00",99.880449
"2,204.00",99.933473
"2,203.00",99.987048
"2,202.00",99.991222
"2,201.00",99.917847
"2,200.00",99.807914
"2,199.00",99.738863
"2,198.00",99.732338
"2,197.00",99.736015
"2,196.00",99.706616
"2,195.00",99.665137
"2,194.00",99.65523
"2,193.00",99.693942
"2,192.00",99.779525
"2,191.00",99.898897
"2,190.00",100.004359
"2,189.00",100.03117
"2,188.00",99.970539
"2,187.00",99.886618
"2,186.00",99.837307
"2,185.00",99.817119
"2,184.00",99.797798
"2,183.00",99.780711
"2,182.00",99.778525
"2,181.00",99.781407
"2,180.00",99.7712
"2,179.00",99.742497
"2,178.00",99.695919
"2,177.00",99.644367
"2,176.00",99.632469
"2,175.00",99.704262
"2,174.00",99.838504
"2,173.00",99.960583
"2,172.00",100.031113
"2,171.00",100.073387
"2,170.00",100.101936
"2,169.00",100.08601
"2,168.00",100.009807
"2,167.00",99.91065
"2,166.00",99.823726
"2,165.00",99.742164
"2,164.00",99.666606
"2,163.00",99.634982
"2,162.00",99.654717
"2,161.00",99.661015
"2,160.00",99.609587
"2,159.00",99.561893
"2,158.00",99.592143
"2,157.00",99.665718
"2,156.00",99.703199
"2,155.00",99.704809
"2,154.00",99.729158
"2,153.00",99.789458
"2,152.00",99.840063
"2,151.00",99.855396
"2,150.00",99.864453
"2,149.00",99.897728
"2,148.00",99.939466
"2,147.00",99.948086
"2,146.00",99.903715
"2,145.00",99.825985
"2,144.00",99.757925
"2,143.00",99.738092
"2,142.00",99.776276
"2,141.00",99.843544
"2,140.00",99.888018
"2,139.00",99.871747
"2,138.00",99.801938
"2,137.00",99.726589
"2,136.00",99.689973
"2,135.00",99.693002
"2,134.00",99.710653
"2,133.00",99.742883
"2,132.00",99.819848
"2,131.00",99.94696
"2,130.00",100.071379
"2,129.00",100.127037
"2,128.00",100.102829
"2,127.00",100.045968
"2,126.00",100.007353
"2,125.00",100.003664
"2,124.00",100.0225
"2,123.00",100.041039
"2,122.00",100.040987
"2,121.00",100.022113
"2,120.00",99.999447
"2,119.00",99.976565
"2,118.00",99.933428
"2,117.00",99.857712
"2,116.00",99.775824
"2,115.00",99.730355
"2,114.00",99.733882
"2,113.00",99.764302
"2,112.00",99.795759
"2,111.00",99.812164
"2,110.00",99.803612
"2,109.00",99.780138
"2,108.00",99.779503
"2,107.00",99.82807
"2,106.00",99.899449
"2,105.00",99.944001
"2,104.00",99.954047
"2,103.00",99.964289
"2,102.00",99.990342
"2,101.00",100.004606
"2,100.00",99.975356
"2,099.00",99.898432
"2,098.00",99.79282
"2,097.00",99.698654
"2,096.00",99.671889
"2,095.00",99.736244
"2,094.00",99.835843
"2,093.00",99.875285
"2,092.00",99.818218
"2,091.00",99.718543
"2,090.00",99.653669
"2,089.00",99.657827
"2,088.00",99.720661
"2,087.00",99.810606
"2,086.00",99.883122
"2,085.00",99.902262
"2,084.00",99.876256
"2,083.00",99.846635
"2,082.00",99.832552
"2,081.00",99.816995
"2,080.00",99.796355
"2,079.00",99.805249
"2,078.00",99.872166
"2,077.00",99.977582
"2,076.00",100.073547
"2,075.00",100.119931
"2,074.00",100.091267
"2,073.00",99.985649
"2,072.00",99.845082
"2,071.00",99.732486
"2,070.00",99.67213
"2,069.00",99.640542
"2,068.00",99.622425
"2,067.00",99.63647
"2,066.00",99.689377
"2,065.00",99.743385
"2,064.00",99.76045
"2,063.00",99.752008
"2,062.00",99.753885
"2,061.00",99.780848
"2,060.00",99.832277
"2,059.00",99.908489
"2,058.00",99.992524
"2,057.00",100.043451
"2,056.00",100.037383
"2,055.00",99.992348
"2,054.00",99.93231
"2,053.00",99.860343
"2,052.00",99.789346
"2,051.00",99.758354
"2,050.00",99.783982
"2,049.00",99.82532
"2,048.00",99.83724
"2,047.00",99.831633
"2,046.00",99.838935
"2,045.00",99.83971
"2,044.00",99.79266
"2,043.00",99.717472
"2,042.00",99.695157
"2,041.00",99.769811
"2,040.00",99.884636
"2,039.00",99.941924
"2,038.00",99.902174
"2,037.00",99.811991
"2,036.00",99.751689
"2,035.00",99.759011
"2,034.00",99.805663
"2,033.00",99.844835
"2,032.00",99.861467
"2,031.00",99.86139
"2,030.00",99.838692
"2,029.00",99.793316
"2,028.00",99.76241
"2,027.00",99.781836
"2,026.00",99.819798
"2,025.00",99.800806
"2,024.00",99.705919
"2,023.00",99.601499
"2,022.00",99.556163
"2,021.00",99.572642
"2,020.00",99.611777
"2,019.00",99.645879
"2,018.00",99.670491
"2,017.00",99.683219
"2,016.00",99.672785
"2,015.00",99.635532
"2,014.00",99.584607
"2,013.00",99.539757
"2,012.00",99.521903
"2,011.00",99.547134
"2,010.00",99.621546
"2,009.00",99.743801
"2,008.00",99.897567
"2,007.00",100.035474
"2,006.00",100.097074
"2,005.00",100.067147
"2,004.00",99.992851
"2,003.00",99.922717
"2,002.00",99.858478
"2,001.00",99.793893
"2,000.00",99.762752
"1,999.00",99.796347
"1,998.00",99.853249
"1,997.00",99.856064
"1,996.00",99.797318
"1,995.00",99.742018
"1,994.00",99.72888
"1,993.00",99.738293
"1,992.00",99.751038
"1,991.00",99.77419
"1,990.00",99.809059
"1,989.00",99.838951
"1,988.00",99.859169
"1,987.00",99.885531
"1,986.00",99.917994
"1,985.00",99.932956
"1,984.00",99.924112
"1,983.00",99.912438
"1,982.00",99.900232
"1,981.00",99.858887
"1,980.00",99.785104
"1,979.00",99.722714
"1,978.00",99.696469
"1,977.00",99.66598
"1,976.00",99.580992
"1,975.00",99.447196
"1,974.00",99.323977
"1,973.00",99.290981
"1,972.00",99.399094
"1,971.00",99.601054
"1,970.00",99.744942
"1,969.00",99.699013
"1,968.00",99.508211
"1,967.00",99.360623
"1,966.00",99.359902
"1,965.00",99.445271
"1,964.00",99.543657
"1,963.00",99.656632
"1,962.00",99.798333
"1,961.00",99.936745
"1,960.00",100.017637
"1,959.00",100.012346
"1,958.00",99.930331
"1,957.00",99.817724
"1,956.00",99.74225
"1,955.00",99.74094
"1,954.00",99.785062
"1,953.00",99.823505
"1,952.00",99.8398
"1,951.00",99.837617
"1,950.00",99.801439
"1,949.00",99.715235
"1,948.00",99.608152
"1,947.00",99.54145
"1,946.00",99.54493
"1,945.00",99.593691
"1,944.00",99.64516
"1,943.00",99.673923
"1,942.00",99.663287
"1,941.00",99.61011
"1,940.00",99.558133
"1,939.00",99.555107
"1,938.00",99.582321
"1,937.00",99.585831
"1,936.00",99.555726
"1,935.00",99.528845
"1,934.00",99.530997
"1,933.00",99.558343
"1,932.00",99.597118
"1,931.00",99.63388
"1,930.00",99.657403
"1,929.00",99.672432
"1,928.00",99.701497
"1,927.00",99.756027
"1,926.00",99.806772
"1,925.00",99.803125
"1,924.00",99.743561
"1,923.00",99.696039
"1,922.00",99.690056
"1,921.00",99.671696
"1,920.00",99.608822
"1,919.00",99.533903
"1,918.00",99.500396
"1,917.00",99.520609
"1,916.00",99.559562
"1,915.00",99.598099
"1,914.00",99.636684
"1,913.00",99.665647
"1,912.00",99.669508
"1,911.00",99.64753
"1,910.00",99.627269
"1,909.00",99.636162
"1,908.00",99.662863
"1,907.00",99.682738
"1,906.00",99.690644
"1,905.00",99.692841
"1,904.00",99.702551
"1,903.00",99.734635
"1,902.00",99.783409
"1,901.00",99.812035
"1,900.00",99.78985
"1,899.00",99.728845
"1,898.00",99.665624
"1,897.00",99.621533
"1,896.00",99.592886
"1,895.00",99.573983
"1,894.00",99.572428
"1,893.00",99.604329
"1,892.00",99.680763
"1,891.00",99.778698
"1,890.00",99.845175
"1,889.00",99.836894
"1,888.00",99.757507
"1,887.00",99.671733
"1,886.00",99.647802
"1,885.00",99.698153
"1,884.00",99.783853
"1,883.00",99.851587
"1,882.00",99.86628
"1,881.00",99.823
"1,880.00",99.751182
"1,879.00",99.693505
"1,878.00",99.666622
"1,877.00",99.651636
"1,876.00",99.626278
"1,875.00",99.587675
"1,874.00",99.541161
"1,873.00",99.489271
"1,872.00",99.438879
"1,871.00",99.400133
"1,870.00",99.374917
"1,869.00",99.394085
"1,868.00",99.474137
"1,867.00",99.545598
"1,866.00",99.562582
"1,865.00",99.547916
"1,864.00",99.529093
"1,863.00",99.521049
"1,862.00",99.524135
"1,861.00",99.533681
"1,860.00",99.549903
"1,859.00",99.587104
"1,858.00",99.657428
"1,857.00",99.73653
"1,856.00",99.783552
"1,855.00",99.794581
"1,854.00",99.791066
"1,853.00",99.781972
"1,852.00",99.760819
"1,851.00",99.72697
"1,850.00",99.685375
"1,849.00",99.620406
"1,848.00",99.501673
"1,847.00",99.329501
"1,846.00",99.166352
"1,845.00",99.119027
"1,844.00",99.232178
"1,843.00",99.416445
"1,842.00",99.554773
"1,841.00",99.614635
"1,840.00",99.632197
"1,839.00",99.650395
"1,838.00",99.680453
"1,837.00",99.703677
"1,836.00",99.700901
"1,835.00",99.679411
"1,834.00",99.666753
"1,833.00",99.691109
"1,832.00",99.759757
"1,831.00",99.828838
"1,830.00",99.865253
"1,829.00",99.889462
"1,828.00",99.912227
"1,827.00",99.932625
"1,826.00",99.927408
"1,825.00",99.85875
"1,824.00",99.747563
"1,823.00",99.653214
"1,822.00",99.621945
"1,821.00",99.657135
"1,820.00",99.718564
"1,819.00",99.757617
"1,818.00",99.75954
"1,817.00",99.744472
"1,816.00",99.725511
"1,815.00",99.697193
"1,814.00",99.665083
"1,813.00",99.656104
"1,812.00",99.69179
"1,811.00",99.737825
"1,810.00",99.736273
"1,809.00",99.691549
"1,808.00",99.643044
"1,807.00",99.605619
"1,806.00",99.586576
"1,805.00",99.602756
"1,804.00",99.658767
"1,803.00",99.719833
"1,802.00",99.747228
"1,801.00",99.741885
"1,800.00",99.680428
"1,799.00",99.524431
"1,798.00",99.320872
"1,797.00",99.16596
"1,796.00",99.096682
"1,795.00",99.081995
"1,794.00",99.082417
"1,793.00",99.111726
"1,792.00",99.221993
"1,791.00",99.368448
"1,790.00",99.444823
"1,789.00",99.455403
"1,788.00",99.465145
"1,787.00",99.488922
"1,786.00",99.499526
"1,785.00",99.491682
"1,784.00",99.509173
"1,783.00",99.569619
"1,782.00",99.619992
"1,781.00",99.598011
"1,780.00",99.513773
"1,779.00",99.442166
"1,778.00",99.441892
"1,777.00",99.506931
"1,776.00",99.560072
"1,775.00",99.533053
"1,774.00",99.409803
"1,773.00",99.255851
"1,772.00",99.222575
"1,771.00",99.312529
"1,770.00",99.379316
"1,769.00",99.392443
"1,768.00",99.404679
"1,767.00",99.426877
"1,766.00",99.438644
"1,765.00",99.431057
"1,764.00",99.417085
"1,763.00",99.40051
"1,762.00",99.374293
"1,761.00",99.337582
"1,760.00",99.302882
"1,759.00",99.284564
"1,758.00",99.283085
"1,757.00",99.283655
"1,756.00",99.274343
"1,755.00",99.26201
"1,754.00",99.264118
"1,753.00",99.27969
"1,752.00",99.283061
"1,751.00",99.246995
"1,750.00",99.143685
"1,749.00",98.986669
"1,748.00",98.864441
"1,747.00",98.831661
"1,746.00",98.880774
"1,745.00",99.005437
"1,744.00",99.187576
"1,743.00",99.338437
"1,742.00",99.329632
"1,741.00",99.149828
"1,740.00",98.950096
"1,739.00",98.883539
"1,738.00",98.903383
"1,737.00",98.885242
"1,736.00",98.799373
"1,735.00",98.686911
"1,734.00",98.677424
"1,733.00",98.874051
"1,732.00",99.149845
"1,731.00",99.40032
"1,730.00",99.589668
"1,729.00",99.618758
"1,728.00",99.525215
"1,727.00",99.430848
"1,726.00",99.40108
"1,725.00",99.380748
"1,724.00",99.331682
"1,723.00",99.297272
"1,722.00",99.338108
"1,721.00",99.472315
"1,720.00",99.681661
"1,719.00",99.723669
"1,718.00",99.239375
"1,717.00",98.618055
"1,716.00",98.455156
"1,715.00",98.638645
"1,714.00",98.891711
"1,713.00",99.074567
"1,712.00",99.179342
"1,711.00",99.255475
"1,710.00",99.314521
"1,709.00",99.355095
"1,708.00",99.372743
"1,707.00",99.34915
"1,706.00",99.282596
"1,705.00",99.220756
"1,704.00",99.145145
"1,703.00",98.979049
"1,702.00",98.752995
"1,701.00",98.568887
"1,700.00",98.407427
"1,699.00",98.33363
"1,698.00",98.401572
"1,697.00",98.63573
"1,696.00",98.988351
"1,695.00",99.172826
"1,694.00",99.196941
"1,693.00",99.221192
"1,692.00",99.274882
"1,691.00",99.309811
"1,690.00",99.244446
"1,689.00",99.135349
"1,688.00",99.120966
"1,687.00",99.295699
"1,686.00",99.674469
"1,685.00",100.04443
"1,684.00",100.008985
"1,683.00",99.60678
"1,682.00",99.253049
"1,681.00",99.12496
"1,680.00",99.159453
"1,679.00",99.173889
"1,678.00",99.11151
"1,677.00",99.00659
"1,676.00",98.937824
"1,675.00",98.95091
"1,674.00",99.051261
"1,673.00",99.157391
"1,672.00",99.180999
"1,671.00",99.133494
"1,670.00",99.159939
"1,669.00",99.327766
"1,668.00",99.473277
"1,667.00",99.508805
"1,666.00",99.471641
"1,665.00",99.393308
"1,664.00",99.290554
"1,663.00",99.197242
"1,662.00",99.191358
"1,661.00",99.240444
"1,660.00",99.259913
"1,659.00",99.237601
"1,658.00",99.257398
"1,657.00",99.347556
"1,656.00",99.563064
"1,655.00",99.908346
"1,654.00",100.229835
"1,653.00",100.09865
"1,652.00",99.645777
"1,651.00",99.436032
"1,650.00",99.393361
"1,649.00",99.387068
"1,648.00",99.236561
"1,647.00",99.101465
"1,646.00",99.131816
"1,645.00",99.128889
"1,644.00",99.082624
"1,643.00",99.068883
"1,642.00",99.06135
"1,641.00",99.102066
"1,640.00",99.187342
"1,639.00",99.29622
"1,638.00",99.3637
"1,637.00",99.383819
"1,636.00",99.472944
"1,635.00",99.568124
"1,634.00",99.534772
"1,633.00",99.46888
"1,632.00",99.434705
"1,631.00",99.435854
"1,630.00",99.496967
"1,629.00",99.559743
"1,628.00",99.562363
"1,627.00",99.496805
"1,626.00",99.400671
"1,625.00",99.287219
"1,624.00",99.166357
"1,623.00",99.114434
"1,622.00",99.162052
"1,621.00",99.230581
"1,620.00",99.286889
"1,619.00",99.34432
"1,618.00",99.389698
"1,617.00",99.427964
"1,616.00",99.479986
"1,615.00",99.518369
"1,614.00",99.514502
"1,613.00",99.480978
"1,612.00",99.431611
"1,611.00",99.380793
"1,610.00",99.332775
"1,609.00",99.290971
"1,608.00",99.272735
"1,607.00",99.298612
"1,606.00",99.343617
"1,605.00",99.352015
"1,604.00",99.303415
"1,603.00",99.254116
"1,602.00",99.27107
"1,601.00",99.335356
"1,600.00",99.385792
"1,599.00",99.403459
"1,598.00",99.397764
"1,597.00",99.374014
"1,596.00",99.341483
"1,595.00",99.329338
"1,594.00",99.349244
"1,593.00",99.365202
"1,592.00",99.351975
"1,591.00",99.339078
"1,590.00",99.362365
"1,589.00",99.404993
"1,588.00",99.428676
"1,587.00",99.433305
"1,586.00",99.430685
"1,585.00",99.413234
"1,584.00",99.375587
"1,583.00",99.341481
"1,582.00",99.339448
"1,581.00",99.367102
"1,580.00",99.393053
"1,579.00",99.403634
"1,578.00",99.377664
"1,577.00",99.30717
"1,576.00",99.267857
"1,575.00",99.271776
"1,574.00",99.262532
"1,573.00",99.249977
"1,572.00",99.275282
"1,571.00",99.335268
"1,570.00",99.386357
"1,569.00",99.393253
"1,568.00",99.361265
"1,567.00",99.328045
"1,566.00",99.330647
"1,565.00",99.334271
"1,564.00",99.30858
"1,563.00",99.339402
"1,562.00",99.51794
"1,561.00",100.055384
"1,560.00",100.56796
"1,559.00",100.027713
"1,558.00",99.131084
"1,557.00",98.572613
"1,556.00",98.259872
"1,555.00",98.309477
"1,554.00",98.449525
"1,553.00",98.706103
"1,552.00",98.957812
"1,551.00",99.17529
"1,550.00",99.238978
"1,549.00",99.135971
"1,548.00",98.958304
"1,547.00",98.828305
"1,546.00",98.675626
"1,545.00",98.349711
"1,544.00",97.866001
"1,543.00",97.499712
"1,542.00",97.304553
"1,541.00",97.558885
"1,540.00",98.543784
"1,539.00",99.18403
"1,538.00",99.015071
"1,537.00",98.688385
"1,536.00",98.496021
"1,535.00",98.488275
"1,534.00",98.650804
"1,533.00",98.875772
"1,532.00",98.996042
"1,531.00",98.97428
"1,530.00",98.93308
"1,529.00",98.889505
"1,528.00",98.765145
"1,527.00",98.5135
"1,526.00",98.242206
"1,525.00",98.092792
"1,524.00",98.094032
"1,523.00",98.153079
"1,522.00",98.294471
"1,521.00",98.628145
"1,520.00",98.951883
"1,519.00",99.106047
"1,518.00",99.098221
"1,517.00",98.968655
"1,516.00",98.831841
"1,515.00",98.675977
"1,514.00",98.51632
"1,513.00",98.399594
"1,512.00",98.411662
"1,511.00",98.522882
"1,510.00",98.694877
"1,509.00",98.694024
"1,508.00",98.593708
"1,507.00",99.171978
"1,506.00",99.516056
"1,505.00",98.950963
"1,504.00",98.471242
"1,503.00",98.263891
"1,502.00",98.146964
"1,501.00",98.088499
"1,500.00",98.040927
"1,499.00",98.009522
"1,498.00",97.916038
"1,497.00",97.85243
"1,496.00",97.929035
"1,495.00",98.056186
"1,494.00",98.133675
"1,493.00",98.177663
"1,492.00",98.210537
"1,491.00",98.124019
"1,490.00",97.890271
"1,489.00",97.765599
"1,488.00",97.765119
"1,487.00",97.7262
"1,486.00",97.652857
"1,485.00",97.564385
"1,484.00",97.468648
"1,483.00",97.340058
"1,482.00",97.128145
"1,481.00",96.851294
"1,480.00",96.606771
"1,479.00",96.439601
"1,478.00",96.252771
"1,477.00",95.866039
"1,476.00",95.170045
"1,475.00",94.145622
"1,474.00",92.639289
"1,473.00",90.713443
"1,472.00",88.987373
"1,471.00",87.758663
"1,470.00",86.844868
"1,469.00",86.158962
"1,468.00",85.707976
"1,467.00",85.48845
"1,466.00",85.459088
"1,465.00",85.593488
"1,464.00",85.824583
"1,463.00",86.015028
"1,462.00",86.158844
"1,461.00",86.30341
"1,460.00",86.430697
"1,459.00",86.321252
"1,458.00",85.892744
"1,457.00",85.936403
"1,456.00",86.743993
"1,455.00",87.629158
"1,454.00",88.389807
"1,453.00",89.16294
"1,452.00",89.977254
"1,451.00",90.778011
"1,450.00",91.495497
"1,449.00",92.170353
"1,448.00",92.822692
"1,447.00",93.381178
"1,446.00",93.789864
"1,445.00",94.120267
"1,444.00",94.432084
"1,443.00",94.718218
"1,442.00",94.972513
"1,441.00",95.208786
"1,440.00",95.418503
"1,439.00",95.579244
"1,438.00",95.689933
"1,437.00",95.807408
"1,436.00",96.014459
"1,435.00",96.268125
"1,434.00",96.493996
"1,433.00",96.720688
"1,432.00",96.974413
"1,431.00",97.217622
"1,430.00",97.38419
"1,429.00",97.472049
"1,428.00",97.552075
"1,427.00",97.689535
"1,426.00",97.883305
"1,425.00",98.049571
"1,424.00",98.1184
"1,423.00",98.11017
"1,422.00",98.080778
"1,421.00",98.100362
"1,420.00",98.170615
"1,419.00",98.219418
"1,418.00",98.23295
"1,417.00",98.209979
"1,416.00",98.159876
"1,415.00",98.125113
"1,414.00",98.10978
"1,413.00",98.10011
"1,412.00",98.095151
"1,411.00",98.123462
"1,410.00",98.180702
"1,409.00",98.246752
"1,408.00",98.338544
"1,407.00",98.461998
"1,406.00",98.554464
"1,405.00",98.550674
"1,404.00",98.474548
"1,403.00",98.40013
"1,402.00",98.373191
"1,401.00",98.378223
"1,400.00",98.348402
"1,399.00",98.271031
"1,398.00",98.189481
"1,397.00",98.101221
"1,396.00",98.007211
"1,395.00",97.952049
"1,394.00",97.90332
"1,393.00",97.802308
"1,392.00",97.686077
"1,391.00",97.593421
"1,390.00",97.498557
"1,389.00",97.329653
"1,388.00",97.049327
"1,387.00",96.735911
"1,386.00",96.425665
"1,385.00",96.011406
"1,384.00",95.387051
"1,383.00",94.531791
"1,382.00",93.515823
"1,381.00",92.495199
"1,380.00",91.687152
"1,379.00",91.332531
"1,378.00",91.55609
"1,377.00",92.281132
"1,376.00",93.32862
"1,375.00",94.510618
"1,374.00",95.589406
"1,373.00",96.326115
"1,372.00",96.716381
"1,371.00",96.961983
"1,370.00",97.20064
"1,369.00",97.428951
"1,368.00",97.616055
"1,367.00",97.787817
"1,366.00",98.002144
"1,365.00",98.262881
"1,364.00",98.467917
"1,363.00",98.542052
"1,362.00",98.540552
"1,361.00",98.500462
"1,360.00",98.428505
"1,359.00",98.371692
"1,358.00",98.35713
"1,357.00",98.37108
"1,356.00",98.393012
"1,355.00",98.420686
"1,354.00",98.457726
"1,353.00",98.491336
"1,352.00",98.492701
"1,351.00",98.454768
"1,350.00",98.415839
"1,349.00",98.409506
"1,348.00",98.423045
"1,347.00",98.417627
"1,346.00",98.371747
"1,345.00",98.290874
"1,344.00",98.197496
"1,343.00",98.105899
"1,342.00",97.995299
"1,341.00",97.83593
"1,340.00",97.723704
"1,339.00",97.83688
"1,338.00",98.140926
"1,337.00",98.433256
"1,336.00",98.612996
"1,335.00",98.69856
"1,334.00",98.738459
"1,333.00",98.762561
"1,332.00",98.778165
"1,331.00",98.795197
"1,330.00",98.829712
"1,329.00",98.880112
"1,328.00",98.923605
"1,327.00",98.949527
"1,326.00",98.968133
"1,325.00",98.981434
"1,324.00",98.985404
"1,323.00",98.980462
"1,322.00",98.959232
"1,321.00",98.898163
"1,320.00",98.793828
"1,319.00",98.695632
"1,318.00",98.654944
"1,317.00",98.656388
"1,316.00",98.647902
"1,315.00",98.608875
"1,314.00",98.562099
"1,313.00",98.543083
"1,312.00",98.561208
"1,311.00",98.595664
"1,310.00",98.620431
"1,309.00",98.622867
"1,308.00",98.609497
"1,307.00",98.600339
"1,306.00",98.604814
"1,305.00",98.607058
"1,304.00",98.593773
"1,303.00",98.573155
"1,302.00",98.561414
"1,301.00",98.561833
"1,300.00",98.569076
"1,299.00",98.58151
"1,298.00",98.604086
"1,297.00",98.647432
"1,296.00",98.723966
"1,295.00",98.832037
"1,294.00",98.938348
"1,293.00",98.996624
"1,292.00",98.989832
"1,291.00",98.941445
"1,290.00",98.885492
"1,289.00",98.843642
"1,288.00",98.832045
"1,287.00",98.860021
"1,286.00",98.909225
"1,285.00",98.940754
"1,284.00",98.93378
"1,283.00",98.899085
"1,282.00",98.854307
"1,281.00",98.805878
"1,280.00",98.764717
"1,279.00",98.756447
"1,278.00",98.793651
"1,277.00",98.854825
"1,276.00",98.904638
"1,275.00",98.9238
"1,274.00",98.908537
"1,273.00",98.86335
"1,272.00",98.811649
"1,271.00",98.791874
"1,270.00",98.819627
"1,269.00",98.87228
"1,268.00",98.927413
"1,267.00",98.987541
"1,266.00",99.050956
"1,265.00",99.09279
"1,264.00",99.09783
"1,263.00",99.088254
"1,262.00",99.096466
"1,261.00",99.125715
"1,260.00",99.158099
"1,259.00",99.185512
"1,258.00",99.209242
"1,257.00",99.22775
"1,256.00",99.242236
"1,255.00",99.261858
"1,254.00",99.287185
"1,253.00",99.301136
"1,252.00",99.291245
"1,251.00",99.268998
"1,250.00",99.252425
"1,249.00",99.244632
"1,248.00",99.244058
"1,247.00",99.255967
"1,246.00",99.275862
"1,245.00",99.283676
"1,244.00",99.270028
"1,243.00",99.249235
"1,242.00",99.232124
"1,241.00",99.207091
"1,240.00",99.162754
"1,239.00",99.108318
"1,238.00",99.056611
"1,237.00",99.008023
"1,236.00",98.96816
"1,235.00",98.960019
"1,234.00",98.998703
"1,233.00",99.071705
"1,232.00",99.159328
"1,231.00",99.252118
"1,230.00",99.333419
"1,229.00",99.372257
"1,228.00",99.35698
"1,227.00",99.319439
"1,226.00",99.304493
"1,225.00",99.324456
"1,224.00",99.357783
"1,223.00",99.37908
"1,222.00",99.375939
"1,221.00",99.35056
"1,220.00",99.321721
"1,219.00",99.31454
"1,218.00",99.334369
"1,217.00",99.362362
"1,216.00",99.382943
"1,215.00",99.397462
"1,214.00",99.404301
"1,213.00",99.389521
"1,212.00",99.349767
"1,211.00",99.303245
"1,210.00",99.267904
"1,209.00",99.247618
"1,208.00",99.245461
"1,207.00",99.266071
"1,206.00",99.298141
"1,205.00",99.319652
"1,204.00",99.328084
"1,203.00",99.341105
"1,202.00",99.360966
"1,201.00",99.3677
"1,200.00",99.357945
"1,199.00",99.358696
"1,198.00",99.386694
"1,197.00",99.42604
"1,196.00",99.461014
"1,195.00",99.49818
"1,194.00",99.538313
"1,193.00",99.55855
"1,192.00",99.546572
"1,191.00",99.524919
"1,190.00",99.518531
"1,189.00",99.524179
"1,188.00",99.533106
"1,187.00",99.553306
"1,186.00",99.582795
"1,185.00",99.590659
"1,184.00",99.556293
"1,183.00",99.505974
"1,182.00",99.481358
"1,181.00",99.487671
"1,180.00",99.499133
"1,179.00",99.500056
"1,178.00",99.494457
"1,177.00",99.489526
"1,176.00",99.493656
"1,175.00",99.518143
"1,174.00",99.558897
"1,173.00",99.589235
"1,172.00",99.591286
"1,171.00",99.576725
"1,170.00",99.558549
"1,169.00",99.525766
"1,168.00",99.470051
"1,167.00",99.415381
"1,166.00",99.391353
"1,165.00",99.393575
"1,164.00",99.398459
"1,163.00",99.400947
"1,162.00",99.409722
"1,161.00",99.419176
"1,160.00",99.41628
"1,159.00",99.406562
"1,158.00",99.405079
"1,157.00",99.40931
"1,156.00",99.406033
"1,155.00",99.396672
"1,154.00",99.391025
"1,153.00",99.382419
"1,152.00",99.352858
"1,151.00",99.299808
"1,150.00",99.240421
"1,149.00",99.193385
"1,148.00",99.168837
"1,147.00",99.165316
"1,146.00",99.163164
"1,145.00",99.133986
"1,144.00",99.071319
"1,143.00",99.000243
"1,142.00",98.944285
"1,141.00",98.899913
"1,140.00",98.858052
"1,139.00",98.829095
"1,138.00",98.825311
"1,137.00",98.836693
"1,136.00",98.847384
"1,135.00",98.862662
"1,134.00",98.898738
"1,133.00",98.957526
"1,132.00",99.030364
"1,131.00",99.11494
"1,130.00",99.210203
"1,129.00",99.303972
"1,128.00",99.381326
"1,127.00",99.437257
"1,126.00",99.471556
"1,125.00",99.484162
"1,124.00",99.486674
"1,123.00",99.503491
"1,122.00",99.545536
"1,121.00",99.594511
"1,120.00",99.626546
"1,119.00",99.639434
"1,118.00",99.644812
"1,117.00",99.64591
"1,116.00",99.635552
"1,115.00",99.608355
"1,114.00",99.568323
"1,113.00",99.532394
"1,112.00",99.523976
"1,111.00",99.545896
"1,110.00",99.560252
"1,109.00",99.523253
"1,108.00",99.446363
"1,107.00",99.390173
"1,106.00",99.394407
"1,105.00",99.442262
"1,104.00",99.496703
"1,103.00",99.541846
"1,102.00",99.571114
"1,101.00",99.578974
"1,100.00",99.574311
"1,099.00",99.563882
"1,098.00",99.541878
"1,097.00",99.493271
"1,096.00",99.43454
"1,095.00",99.407666
"1,094.00",99.423352
"1,093.00",99.440672
"1,092.00",99.421356
"1,091.00",99.373701
"1,090.00",99.325371
"1,089.00",99.281835
"1,088.00",99.232364
"1,087.00",99.172727
"1,086.00",99.103159
"1,085.00",99.02388
"1,084.00",98.944575
"1,083.00",98.877463
"1,082.00",98.814476
"1,081.00",98.736254
"1,080.00",98.647126
"1,079.00",98.571634
"1,078.00",98.515626
"1,077.00",98.467718
"1,076.00",98.440584
"1,075.00",98.464198
"1,074.00",98.528928
"1,073.00",98.583079
"1,072.00",98.601483
"1,071.00",98.611039
"1,070.00",98.632744
"1,069.00",98.646999
"1,068.00",98.639242
"1,067.00",98.634283
"1,066.00",98.65672
"1,065.00",98.694953
"1,064.00",98.731222
"1,063.00",98.772268
"1,062.00",98.825065
"1,061.00",98.874602
"1,060.00",98.909588
"1,059.00",98.94055
"1,058.00",98.971627
"1,057.00",98.984799
"1,056.00",98.972304
"1,055.00",98.956004
"1,054.00",98.956714
"1,053.00",98.972017
"1,052.00",98.996938
"1,051.00",99.031416
"1,050.00",99.054271
"1,049.00",99.034179
"1,048.00",98.984973
"1,047.00",98.962877
"1,046.00",98.987788
"1,045.00",99.014065
"1,044.00",99.002834
"1,043.00",98.980427
"1,042.00",98.996559
"1,041.00",99.058306
"1,040.00",99.134746
"1,039.00",99.198178
"1,038.00",99.233059
"1,037.00",99.230516
"1,036.00",99.202416
"1,035.00",99.181007
"1,034.00",99.181101
"1,033.00",99.181287
"1,032.00",99.160451
"1,031.00",99.129898
"1,030.00",99.110785
"1,029.00",99.103274
"1,028.00",99.097743
"1,027.00",99.094541
"1,026.00",99.092509
"1,025.00",99.07726
"1,024.00",99.039822
"1,023.00",98.992596
"1,022.00",98.955358
"1,021.00",98.940582
"1,020.00",98.956805
"1,019.00",99.002938
"1,018.00",99.053498
"1,017.00",99.076257
"1,016.00",99.071887
"1,015.00",99.070599
"1,014.00",99.085828
"1,013.00",99.101719
"1,012.00",99.110838
"1,011.00",99.127834
"1,010.00",99.155035
"1,009.00",99.170215
"1,008.00",99.163899
"1,007.00",99.157596
"1,006.00",99.169441
"1,005.00",99.189564
"1,004.00",99.203202
"1,003.00",99.211171
"1,002.00",99.215959
"1,001.00",99.215956
"1,000.00",99.224929
999,99.267618
998,99.342457
997,99.414864
996,99.457917
995,99.47382
994,99.469372
993,99.442022
992,99.399711
991,99.362592
990,99.33405
989,99.301398
988,99.274841
987,99.289957
986,99.35599
985,99.43373
984,99.480559
983,99.490012
982,99.477043
981,99.456247
980,99.446687
979,99.464391
978,99.494551
977,99.501904
976,99.480968
975,99.463449
974,99.464758
973,99.461019
972,99.435317
971,99.408163
970,99.399886
969,99.396607
968,99.37717
967,99.344061
966,99.304913
965,99.25126
964,99.178721
963,99.104882
962,99.048729
961,99.014837
960,99.010288
959,99.047605
958,99.114184
957,99.166627
956,99.172621
955,99.136365
954,99.075795
953,99.005745
952,98.951248
951,98.938235
950,98.954383
949,98.954854
948,98.923746
947,98.89439
946,98.892971
945,98.900931
944,98.892562
943,98.87126
942,98.846017
941,98.807002
940,98.746315
939,98.669594
938,98.568803
937,98.422665
936,98.246385
935,98.100417
934,98.022298
933,97.986587
932,97.959459
931,97.954646
930,98.003384
929,98.102996
928,98.229443
927,98.371973
926,98.522866
925,98.657988
924,98.758569
923,98.83506
922,98.907962
921,98.982866
920,99.056893
919,99.122444
918,99.151803
917,99.112672
916,99.019096
915,98.936042
914,98.912416
913,98.935226
912,98.963044
911,98.970963
910,98.947614
909,98.887691
908,98.810989
907,98.754131
906,98.719945
905,98.666161
904,98.562642
903,98.427925
902,98.296987
901,98.195005
900,98.156438
899,98.218174
898,98.366509
897,98.529906
896,98.654303
895,98.748111
894,98.836908
893,98.918314
892,98.983298
891,99.035515
890,99.064579
889,99.046154
888,98.995237
887,98.973435
886,99.014479
885,99.084902
884,99.141819
883,99.18026
882,99.197518
881,99.166939
880,99.085085
879,98.995574
878,98.927497
877,98.859012
876,98.780977
875,98.743513
874,98.791169
873,98.894922
872,98.991864
871,99.052823
870,99.075305
869,99.05412
868,99.000718
867,98.956605
866,98.952141
865,98.980415
864,99.030267
863,99.101335
862,99.167157
861,99.179808
860,99.142696
859,99.124911
858,99.168471
857,99.232294
856,99.261733
855,99.258983
854,99.247295
853,99.225041
852,99.203334
851,99.230246
850,99.316573
849,99.38418
848,99.352531
847,99.243737
846,99.145009
845,99.099564
844,99.091154
843,99.105561
842,99.144593
841,99.192046
840,99.217577
839,99.210316
838,99.176701
837,99.119439
836,99.048536
835,98.99724
834,98.998465
833,99.055436
832,99.147216
831,99.239605
830,99.284776
829,99.250806
828,99.168969
827,99.110614
826,99.098323
825,99.089713
824,99.070764
823,99.099113
822,99.21277
821,99.356636
820,99.448149
819,99.469375
818,99.455023
817,99.430125
816,99.399024
815,99.36641
814,99.334873
813,99.303337
812,99.287416
811,99.312213
810,99.368064
809,99.407049
808,99.400893
807,99.367628
806,99.328251
805,99.277439
804,99.215729
803,99.170673
802,99.162875
801,99.186422
800,99.235686
799,99.310402
798,99.38325
797,99.410362
796,99.389977
795,99.364712
794,99.354176
793,99.336881
792,99.307684
791,99.292072
790,99.284974
789,99.233296
788,99.103637
787,98.919551
786,98.718821
785,98.526881
784,98.382001
783,98.318612
782,98.302878
781,98.252269
780,98.142837
779,98.030551
778,97.946265
777,97.84849
776,97.713848
775,97.593454
774,97.529022
773,97.485079
772,97.424107
771,97.386927
770,97.433464
769,97.551236
768,97.681365
767,97.79644
766,97.902403
765,98.000267
764,98.094043
763,98.205676
762,98.341287
761,98.468558
760,98.558451
759,98.617194
758,98.649844
757,98.633831
756,98.561536
755,98.470869
754,98.398727
753,98.336452
752,98.259792
751,98.164829
750,98.050409
749,97.906271
748,97.744622
747,97.603006
746,97.492615
745,97.385465
744,97.272943
743,97.192085
742,97.172894
741,97.203329
740,97.260732
739,97.328647
738,97.369376
737,97.33662
736,97.235461
735,97.114941
734,96.983403
733,96.790031
732,96.508624
731,96.171046
730,95.792079
729,95.327039
728,94.737204
727,94.041684
726,93.289741
725,92.557411
724,91.987184
723,91.74506
722,91.895268
721,92.357763
720,93.001109
719,93.728573
718,94.465211
717,95.141717
716,95.735936
715,96.277692
714,96.774979
713,97.185066
712,97.492212
711,97.745444
710,97.97649
709,98.147131
708,98.228739
707,98.272886
706,98.344717
705,98.442874
704,98.533987
703,98.60885
702,98.65771
701,98.653035
700,98.602792
699,98.569343
698,98.58734
697,98.619069
696,98.638739
695,98.690763
694,98.810633
693,98.948742
692,99.02946
691,99.034273
690,98.980441
689,98.889354
688,98.82539
687,98.881226
686,99.066351
685,99.279116
684,99.428359
683,99.512568
682,99.539808
681,99.469839
680,99.309626
679,99.184424
678,99.214768
677,99.370184
676,99.519718
675,99.563547
674,99.47739
673,99.304695
672,99.126343
671,98.98474
670,98.843515
669,98.699246
668,98.682201
667,98.828585
666,99.052321
665,99.218312
664,99.25677
663,99.259278
662,99.325432
661,99.393876
660,99.36125
659,99.263344
658,99.208744
657,99.221284
656,99.285658
655,99.424019
654,99.605983
653,99.709226
652,99.663962
651,99.570699
650,99.540299
